{
  "6": {
    "precision": 0.32,
    "recall": 0.6666666666666666,
    "f1_score": 0.43243243243243246,
    "matches": [
      [
        "decision",
        "making predictions",
        0.816314160823822
      ],
      [
        "noticed decision trees",
        "Decision Trees",
        0.9931365847587585
      ],
      [
        "training",
        "black box models",
        0.9650108218193054
      ],
      [
        "tree",
        "binary trees",
        0.9053322076797485
      ],
      [
        "noisy quadratic dataset",
        "regularization hyperparameters",
        0.9623663425445557
      ],
      [
        "result",
        "white box models",
        0.8161583542823792
      ],
      [
        "major",
        "DecisionTreeRegressor class",
        0.8076280355453491
      ],
      [
        "really simple qualities",
        "voting classifiers",
        0.7747945785522461
      ],
      [
        "set million instances",
        "information theory",
        0.7759987115859985
      ],
      [
        "tells",
        "prediction problems",
        0.8329616785049438
      ],
      [
        "figure figure decision",
        "computational complexity",
        0.8326573371887207
      ],
      [
        "area",
        "white versus black box",
        0.795880138874054
      ],
      [
        "trained random",
        "ensembles",
        0.7915092706680298
      ],
      [
        "impurity hyperparameters described",
        "entropy impurity measure",
        0.919751763343811
      ],
      [
        "considerably larger",
        "Shannon's information theory",
        0.8360790610313416
      ],
      [
        "corresponding",
        "root nodes",
        0.7806208729743958
      ],
      [
        "impurity",
        "impurity",
        0.9999997615814209
      ],
      [
        "values max_leaf_nodes",
        "leaf nodes",
        0.8123674392700195
      ],
      [
        "trees",
        "Random Forests",
        0.9322378635406494
      ],
      [
        "presort true speed",
        "presorting data with",
        0.8597723245620728
      ],
      [
        "iris",
        "max_depth hyperparameter",
        0.826606273651123
      ],
      [
        "pruning",
        "pruning",
        1.0
      ],
      [
        "solutions verified polynomial",
        "regression tasks",
        0.8911535739898682
      ],
      [
        "entropy",
        "Gini impurity versus entropy",
        0.9705648422241211
      ],
      [
        "vote",
        "majority-vote predictions",
        0.7964440584182739
      ],
      [
        "stick closely data",
        "training set rotation",
        0.7656402587890625
      ],
      [
        "predictions",
        "Ensemble Learning",
        0.9030123353004456
      ],
      [
        "test",
        "p-value",
        0.8874959945678711
      ],
      [
        "instances",
        "wisdom of the crowd",
        0.9087350368499756
      ],
      [
        "algorithm",
        "CART training algorithm",
        0.8194586038589478
      ],
      [
        "use",
        "random_state hyperparameter",
        0.8384615182876587
      ],
      [
        "log2",
        "parametric models",
        0.9639927744865417
      ]
    ]
  },
  "10": {
    "precision": 0.58,
    "recall": 0.453125,
    "f1_score": 0.5087719298245614,
    "matches": [
      [
        "keras",
        "tf.keras",
        0.9958199858665466
      ],
      [
        "model",
        "epochs",
        0.812592625617981
      ],
      [
        "output",
        "step function",
        0.7712517976760864
      ],
      [
        "training",
        "MAE",
        0.9457004070281982
      ],
      [
        "layers",
        "dense layer",
        0.9885936975479126
      ],
      [
        "layer",
        "hidden layer",
        0.9877955913543701
      ],
      [
        "neurons",
        "from biological to artificial neurons",
        0.944015383720398
      ],
      [
        "use",
        "batch size",
        0.8650445342063904
      ],
      [
        "function",
        "regression MLPs",
        0.8503412008285522
      ],
      [
        "network",
        "input layers",
        0.9497069716453552
      ],
      [
        "neural",
        "input layer",
        0.9373012185096741
      ],
      [
        "using",
        "dynamic models",
        0.8958860039710999
      ],
      [
        "neuron",
        "backpropagation",
        0.9750437140464783
      ],
      [
        "learning",
        "Hebbian learning",
        0.9026771187782288
      ],
      [
        "activation",
        "Theano",
        0.8162755966186523
      ],
      [
        "neural nets",
        "feedforward neural networks",
        0.966086208820343
      ],
      [
        "loss",
        "image classifiers",
        0.8871791362762451
      ],
      [
        "dense",
        "dense",
        1.0
      ],
      [
        "api",
        "Functional API",
        0.8246097564697266
      ],
      [
        "perceptron",
        "Perceptron",
        1.0
      ],
      [
        "validation",
        "Scikit-Optimize",
        0.9139148592948914
      ],
      [
        "tensorboard",
        "TensorBoard",
        1.0
      ],
      [
        "step",
        "hidden layers in MLPs",
        0.9064242839813232
      ],
      [
        "tensorflow",
        "TensorFlow",
        1.0
      ],
      [
        "error",
        "mean absolute error",
        0.9363253116607666
      ],
      [
        "rate",
        "regression MLPs using Sequential API",
        0.9276473522186279
      ],
      [
        "input",
        "implementing MLPs with Keras",
        0.7868248820304871
      ],
      [
        "networks",
        "output layers",
        0.9173591136932373
      ],
      [
        "data",
        "Spearmint library",
        0.9173665642738342
      ],
      [
        "inputs",
        "from biological to artificial",
        0.784880518913269
      ],
      [
        "hyperparameters",
        "fine-tuning hyperparameters",
        0.9808160066604614
      ],
      [
        "need",
        "threshold logic unit",
        0.7539325952529907
      ],
      [
        "method",
        "parameter efficiency",
        0.8509730100631714
      ],
      [
        "callbacks",
        "callbacks",
        1.0
      ],
      [
        "just",
        "event files",
        0.8005313873291016
      ],
      [
        "outputs",
        "implementing MLPs with",
        0.7734697461128235
      ],
      [
        "artificial",
        "classification MLPs",
        0.8162207007408142
      ],
      [
        "mnist",
        "BNN",
        0.8738230466842651
      ],
      [
        "weights",
        "mean squared error",
        0.8389352560043335
      ],
      [
        "cell bodies",
        "biological neurons",
        0.7606096267700195
      ],
      [
        "relu",
        "ReLU",
        1.000000238418579
      ],
      [
        "want",
        "logical computations",
        0.8521608114242554
      ],
      [
        "deep",
        "deep neural networks",
        0.8693935871124268
      ],
      [
        "time",
        "using Sequential API",
        0.8643474578857422
      ],
      [
        "accuracy",
        "Hebb's rule",
        0.8503053188323975
      ],
      [
        "batch",
        "logical computations with",
        0.7767852544784546
      ],
      [
        "anns",
        "cross-entropy loss",
        0.8620278835296631
      ],
      [
        "logistic",
        "Logistic",
        1.000000238418579
      ],
      [
        "regression",
        "log loss",
        0.9578280448913574
      ],
      [
        "connection",
        "DNNs",
        0.7795201539993286
      ],
      [
        "algorithm",
        "Python libraries for optimization",
        0.7693078517913818
      ],
      [
        "shape",
        "per hidden layer",
        0.8373390436172485
      ],
