{
  "6": {
    "precision": 0.4666666666666667,
    "recall": 0.7291666666666666,
    "f1_score": 0.5691056910569106,
    "matches": [
      [
        "decision",
        "making predictions",
        0.816314160823822
      ],
      [
        "noticed decision trees",
        "Decision Trees",
        0.9931365847587585
      ],
      [
        "training",
        "black box models",
        0.9650108218193054
      ],
      [
        "tests",
        "white box models",
        0.9200044870376587
      ],
      [
        "hint",
        "information theory",
        0.855898916721344
      ],
      [
        "tree",
        "binary trees",
        0.9053322076797485
      ],
      [
        "set containing 100",
        "chi-squared test",
        0.8725271224975586
      ],
      [
        "select",
        "DecisionTreeRegressor class",
        0.8594924211502075
      ],
      [
        "training sets training",
        "prediction problems",
        0.9004992246627808
      ],
      [
        "branch tree",
        "computational complexity",
        0.8981469869613647
      ],
      [
        "belong",
        "wisdom of the crowd",
        0.827986478805542
      ],
      [
        "vote predictions",
        "majority-vote predictions",
        0.9385415315628052
      ],
      [
        "shows two",
        "p-value",
        0.8047329783439636
      ],
      [
        "always average",
        "nonparametric models",
        0.8555641770362854
      ],
      [
        "fitting perfectly actually",
        "regularization hyperparameters",
        0.8664767742156982
      ],
      [
        "major",
        "Classification and Regression Tree",
        0.7855731844902039
      ],
      [
        "tree root leaf",
        "hyperparameters for Decision Trees",
        0.7547100782394409
      ],
      [
        "verified",
        "voting classifiers",
        0.7775278091430664
      ],
      [
        "area",
        "white versus black box",
        0.795880138874054
      ],
      [
        "trained random",
        "ensembles",
        0.7915092706680298
      ],
      [
        "impurity hyperparameters described",
        "entropy impurity measure",
        0.919751763343811
      ],
      [
        "pruned shows two",
        "pruning",
        0.7734125852584839
      ],
      [
        "considerably larger",
        "Shannon's information theory",
        0.8360790610313416
      ],
      [
        "corresponding",
        "root nodes",
        0.7806208729743958
      ],
      [
        "generate 000 subsets",
        "presorting data with",
        0.7707440853118896
      ],
      [
        "make prediction new",
        "regression tasks",
        0.8459247946739197
      ],
      [
        "trees",
        "Random Forests",
        0.9322378635406494
      ],
      [
        "iris",
        "max_depth hyperparameter",
        0.826606273651123
      ],
      [
        "problem reduced polynomial",
        "mean squared error",
        0.8368399143218994
      ],
      [
        "corresponding leaf",
        "leaf nodes",
        0.8223134875297546
      ],
      [
        "entropy",
        "Gini impurity versus entropy",
        0.9705648422241211
      ],
      [
        "predictions",
        "Ensemble Learning",
        0.9030123353004456
      ],
      [
        "instances",
        "Ensemble methods",
        0.9063621759414673
      ],
      [
        "test",
        "statistical significance",
        0.8867574334144592
      ],
      [
        "algorithm",
        "CART training algorithm",
        0.8194586038589478
      ]
    ]
  },
  "10": {
    "precision": 0.6666666666666666,
    "recall": 0.390625,
    "f1_score": 0.49261083743842365,
    "matches": [
      [
        "keras",
        "tf.keras",
        0.9958199858665466
      ],
      [
        "model",
        "epochs",
        0.812592625617981
      ],
      [
        "output",
        "step function",
        0.7712517976760864
      ],
      [
        "training",
        "MAE",
        0.9457004070281982
      ],
      [
        "layers",
        "dense layer",
        0.9885936975479126
      ],
      [
        "layer",
        "hidden layer",
        0.9877955913543701
      ],
      [
        "neurons",
        "from biological to artificial neurons",
        0.944015383720398
      ],
      [
        "use",
        "batch size",
        0.8650445342063904
      ],
      [
        "function",
        "regression MLPs",
        0.8503412008285522
      ],
      [
        "network",
        "input layers",
        0.9497069716453552
      ],
      [
        "neural",
        "input layer",
        0.9373012185096741
      ],
      [
        "using",
        "dynamic models",
        0.8958860039710999
      ],
      [
        "neuron",
        "backpropagation",
        0.9750437140464783
      ],
      [
        "learning",
        "Hebbian learning",
        0.9026771187782288
      ],
      [
        "activation",
        "Theano",
        0.8162755966186523
      ],
      [
        "neural nets",
        "feedforward neural networks",
        0.966086208820343
      ],
      [
        "loss",
        "image classifiers",
        0.8871791362762451
      ],
      [
        "one",
        "event files",
        0.7500879764556885
      ],
      [
        "dense",
        "dense",
        1.0
      ],
      [
        "api",
        "Functional API",
        0.8246097564697266
      ],
      [
        "validation",
        "Scikit-Optimize",
        0.9139148592948914
      ],
      [
        "perceptron",
        "Perceptron",
        1.0
      ],
      [
        "tensorboard",
        "TensorBoard",
        1.0
      ],
      [
        "step",
        "hidden layers in MLPs",
        0.9064242839813232
      ],
      [
        "tensorflow",
        "TensorFlow",
        1.0
      ],
      [
        "error",
        "mean absolute error",
        0.9363253116607666
      ],
      [
        "rate",
        "regression MLPs using Sequential API",
        0.9276473522186279
      ],
      [
        "input",
        "implementing MLPs with Keras",
        0.7868248820304871
      ],
      [
        "networks",
        "output layers",
        0.9173591136932373
      ],
      [
        "fast",
        "forward pass",
        0.8633484244346619
      ],
      [
        "610 non trainable",
        "Hyperopt",
        0.7703665494918823
      ],
      [
        "data",
        "Spearmint library",
        0.9173665642738342
      ],
      [
        "hyperparameters",
        "fine-tuning hyperparameters",
        0.9808160066604614
      ],
      [
        "need",
        "threshold logic unit",
        0.7539325952529907
      ],
      [
        "inputs",
        "from biological to artificial",
        0.784880518913269
      ],
      [
        "callbacks",
        "callbacks",
        1.0
      ],
      [
        "largely addressed",
        "multiple outputs",
        0.7780078053474426
      ],
      [
        "method",
        "parameter efficiency",
        0.8509730100631714
      ],
      [
        "outputs",
        "implementing MLPs with",
        0.7734697461128235
      ],
      [
        "mnist",
        "BNN",
        0.8738230466842651
      ],
      [
        "artificial",
        "classification MLPs",
        0.8162207007408142
      ],
      [
        "called perceptron",
        "Perceptron class",
        0.8968003392219543
      ],
      [
        "cell bodies",
        "biological neurons",
        0.7606096267700195
      ],
      [
        "weights",
        "mean squared error",
        0.8389352560043335
      ],
      [
        "install tensorflow using",
        "TensorFlow Playground",
        0.7906269431114197
      ],
      [
        "relu",
        "ReLU",
        1.000000238418579
      ],
      [
        "want",
        "logical computations",
        0.8521608114242554
      ],
      [
        "deep",
